project_id,account_id,owner_user_id,project_status,created_at_utc,completed_at_utc
prj_00001,acc_0001,usr_00013,archived,2025-12-29 00:00:00+00:00,2026-02-18 00:00:00+00:00
prj_00002,acc_0001,usr_00009,completed,2026-02-15 00:00:00+00:00,2026-02-20 00:00:00+00:00
prj_00003,acc_0001,usr_00014,completed,2025-12-28 00:00:00+00:00,2026-02-10 00:00:00+00:00
prj_00004,acc_0001,usr_00002,archived,2026-02-02 00:00:00+00:00,2026-02-11 00:00:00+00:00
prj_00005,acc_0001,usr_00004,active,2026-01-09 00:00:00+00:00,
prj_00006,acc_0001,usr_00001,completed,2026-02-26 00:00:00+00:00,2026-02-26 00:00:00+00:00
prj_00007,acc_0001,usr_00003,completed,2025-12-22 00:00:00+00:00,2026-01-20 00:00:00+00:00
prj_00008,acc_0001,usr_00004,completed,2025-11-21 00:00:00+00:00,2025-11-30 00:00:00+00:00
prj_00009,acc_0002,usr_00015,completed,2026-02-04 00:00:00+00:00,2026-02-12 00:00:00+00:00
prj_00010,acc_0002,usr_00021,archived,2025-11-28 00:00:00+00:00,2025-12-22 00:00:00+00:00
prj_00011,acc_0002,usr_00017,active,2025-11-19 00:00:00+00:00,
prj_00012,acc_0002,usr_00018,completed,2025-12-23 00:00:00+00:00,2026-01-14 00:00:00+00:00
prj_00013,acc_0003,usr_00025,archived,2026-01-17 00:00:00+00:00,2026-02-08 00:00:00+00:00
prj_00014,acc_0003,usr_00026,archived,2026-02-25 00:00:00+00:00,2026-02-26 00:00:00+00:00
prj_00015,acc_0003,usr_00029,active,2026-01-09 00:00:00+00:00,
prj_00016,acc_0003,usr_00031,active,2025-10-16 00:00:00+00:00,
prj_00017,acc_0003,usr_00031,active,2025-11-19 00:00:00+00:00,
prj_00018,acc_0004,usr_00037,active,2025-12-31 00:00:00+00:00,
prj_00019,acc_0004,usr_00033,active,2025-12-30 00:00:00+00:00,
prj_00020,acc_0004,usr_00038,active,2026-01-10 00:00:00+00:00,
prj_00021,acc_0004,usr_00040,active,2025-12-08 00:00:00+00:00,
prj_00022,acc_0004,usr_00036,completed,2026-01-07 00:00:00+00:00,2026-01-31 00:00:00+00:00
prj_00023,acc_0004,usr_00039,active,2025-12-16 00:00:00+00:00,
prj_00024,acc_0004,usr_00040,completed,2025-12-19 00:00:00+00:00,2026-01-11 00:00:00+00:00
prj_00025,acc_0004,usr_00039,completed,2025-11-15 00:00:00+00:00,2026-02-13 00:00:00+00:00
prj_00026,acc_0005,usr_00051,active,2026-01-28 00:00:00+00:00,
prj_00027,acc_0005,usr_00046,active,2025-12-31 00:00:00+00:00,
prj_00028,acc_0005,usr_00046,active,2026-02-01 00:00:00+00:00,
prj_00029,acc_0005,usr_00041,active,2025-12-26 00:00:00+00:00,
prj_00030,acc_0005,usr_00053,active,2026-01-12 00:00:00+00:00,
prj_00031,acc_0005,usr_00053,active,2026-01-12 00:00:00+00:00,
prj_00032,acc_0005,usr_00041,active,2025-12-23 00:00:00+00:00,
prj_00033,acc_0006,usr_00068,active,2025-11-30 00:00:00+00:00,
prj_00034,acc_0006,usr_00060,archived,2026-01-19 00:00:00+00:00,2026-02-11 00:00:00+00:00
prj_00035,acc_0006,usr_00056,active,2025-08-29 00:00:00+00:00,
prj_00036,acc_0006,usr_00058,active,2025-09-13 00:00:00+00:00,
prj_00037,acc_0007,usr_00069,active,2025-12-27 00:00:00+00:00,
prj_00038,acc_0007,usr_00071,completed,2025-12-15 00:00:00+00:00,2026-01-07 00:00:00+00:00
prj_00039,acc_0007,usr_00074,active,2026-01-13 00:00:00+00:00,
prj_00040,acc_0007,usr_00069,archived,2025-12-01 00:00:00+00:00,2025-12-13 00:00:00+00:00
prj_00041,acc_0007,usr_00071,active,2025-12-21 00:00:00+00:00,
prj_00042,acc_0007,usr_00078,completed,2025-12-01 00:00:00+00:00,2025-12-13 00:00:00+00:00
prj_00043,acc_0007,usr_00082,active,2025-12-03 00:00:00+00:00,
prj_00044,acc_0007,usr_00076,active,2025-10-12 00:00:00+00:00,
prj_00045,acc_0008,usr_00095,completed,2025-12-18 00:00:00+00:00,2026-01-09 00:00:00+00:00
prj_00046,acc_0008,usr_00090,completed,2026-02-23 00:00:00+00:00,2026-02-25 00:00:00+00:00
prj_00047,acc_0008,usr_00087,completed,2026-01-10 00:00:00+00:00,2026-01-28 00:00:00+00:00
prj_00048,acc_0008,usr_00095,active,2025-12-27 00:00:00+00:00,
prj_00049,acc_0008,usr_00097,completed,2025-12-14 00:00:00+00:00,2025-12-20 00:00:00+00:00
prj_00050,acc_0008,usr_00089,archived,2025-12-02 00:00:00+00:00,2025-12-14 00:00:00+00:00
prj_00051,acc_0009,usr_00105,active,2025-12-28 00:00:00+00:00,
prj_00052,acc_0009,usr_00104,archived,2025-10-23 00:00:00+00:00,2026-01-21 00:00:00+00:00
prj_00053,acc_0009,usr_00100,completed,2025-10-28 00:00:00+00:00,2026-02-01 00:00:00+00:00
prj_00054,acc_0009,usr_00112,active,2025-11-12 00:00:00+00:00,
prj_00055,acc_0009,usr_00108,active,2025-12-19 00:00:00+00:00,
prj_00056,acc_0009,usr_00112,active,2025-11-20 00:00:00+00:00,
prj_00057,acc_0009,usr_00105,active,2026-01-06 00:00:00+00:00,
prj_00058,acc_0009,usr_00103,completed,2025-10-05 00:00:00+00:00,2025-11-16 00:00:00+00:00
prj_00059,acc_0010,usr_00113,active,2026-01-16 00:00:00+00:00,
prj_00060,acc_0010,usr_00113,completed,2025-12-29 00:00:00+00:00,2026-01-08 00:00:00+00:00
prj_00061,acc_0010,usr_00115,active,2026-01-01 00:00:00+00:00,
prj_00062,acc_0010,usr_00114,active,2025-12-06 00:00:00+00:00,
prj_00063,acc_0011,usr_00128,active,2026-02-18 00:00:00+00:00,
prj_00064,acc_0011,usr_00124,active,2026-02-24 00:00:00+00:00,
prj_00065,acc_0011,usr_00126,archived,2026-02-21 00:00:00+00:00,2026-02-25 00:00:00+00:00
prj_00066,acc_0011,usr_00128,active,2026-02-24 00:00:00+00:00,
prj_00067,acc_0011,usr_00123,active,2026-02-22 00:00:00+00:00,
prj_00068,acc_0011,usr_00124,active,2026-02-19 00:00:00+00:00,
prj_00069,acc_0011,usr_00126,active,2026-02-18 00:00:00+00:00,
prj_00070,acc_0012,usr_00141,active,2026-02-22 00:00:00+00:00,
prj_00071,acc_0012,usr_00141,archived,2026-01-25 00:00:00+00:00,2026-02-23 00:00:00+00:00
prj_00072,acc_0012,usr_00134,completed,2026-01-04 00:00:00+00:00,2026-01-18 00:00:00+00:00
prj_00073,acc_0012,usr_00144,active,2025-11-26 00:00:00+00:00,
prj_00074,acc_0012,usr_00137,completed,2025-12-20 00:00:00+00:00,2025-12-27 00:00:00+00:00
prj_00075,acc_0012,usr_00141,active,2026-02-07 00:00:00+00:00,
prj_00076,acc_0012,usr_00139,active,2026-02-25 00:00:00+00:00,
prj_00077,acc_0012,usr_00137,active,2025-12-19 00:00:00+00:00,
prj_00078,acc_0013,usr_00147,completed,2025-12-28 00:00:00+00:00,2026-01-02 00:00:00+00:00
prj_00079,acc_0013,usr_00153,archived,2026-02-19 00:00:00+00:00,2026-02-25 00:00:00+00:00
prj_00080,acc_0013,usr_00153,active,2026-01-28 00:00:00+00:00,
prj_00081,acc_0013,usr_00149,active,2026-01-20 00:00:00+00:00,
prj_00082,acc_0013,usr_00153,completed,2026-01-01 00:00:00+00:00,2026-01-04 00:00:00+00:00
prj_00083,acc_0014,usr_00163,active,2025-12-11 00:00:00+00:00,
prj_00084,acc_0014,usr_00163,active,2025-12-26 00:00:00+00:00,
prj_00085,acc_0014,usr_00157,completed,2026-02-09 00:00:00+00:00,2026-02-23 00:00:00+00:00
prj_00086,acc_0014,usr_00156,completed,2026-02-19 00:00:00+00:00,2026-02-25 00:00:00+00:00
prj_00087,acc_0014,usr_00159,active,2025-10-18 00:00:00+00:00,
prj_00088,acc_0014,usr_00154,completed,2026-01-28 00:00:00+00:00,2026-02-12 00:00:00+00:00
prj_00089,acc_0015,usr_00170,active,2026-02-24 00:00:00+00:00,
prj_00090,acc_0015,usr_00167,active,2026-02-23 00:00:00+00:00,
prj_00091,acc_0015,usr_00179,completed,2026-02-14 00:00:00+00:00,2026-02-18 00:00:00+00:00
prj_00092,acc_0015,usr_00176,active,2026-02-26 00:00:00+00:00,
prj_00093,acc_0015,usr_00165,completed,2026-02-26 00:00:00+00:00,2026-02-26 00:00:00+00:00
prj_00094,acc_0015,usr_00175,active,2026-02-16 00:00:00+00:00,
prj_00095,acc_0015,usr_00179,active,2026-02-06 00:00:00+00:00,
prj_00096,acc_0015,usr_00179,archived,2026-02-15 00:00:00+00:00,2026-02-20 00:00:00+00:00
prj_00097,acc_0016,usr_00181,active,2025-12-26 00:00:00+00:00,
prj_00098,acc_0016,usr_00183,active,2026-01-16 00:00:00+00:00,
prj_00099,acc_0016,usr_00180,active,2025-11-30 00:00:00+00:00,
prj_00100,acc_0016,usr_00183,completed,2026-01-13 00:00:00+00:00,2026-02-06 00:00:00+00:00
prj_00101,acc_0016,usr_00184,active,2026-02-21 00:00:00+00:00,
prj_00102,acc_0017,usr_00194,active,2026-01-02 00:00:00+00:00,
prj_00103,acc_0017,usr_00192,active,2026-01-09 00:00:00+00:00,
prj_00104,acc_0017,usr_00194,archived,2025-12-18 00:00:00+00:00,2026-02-20 00:00:00+00:00
prj_00105,acc_0017,usr_00191,active,2026-02-03 00:00:00+00:00,
prj_00106,acc_0018,usr_00211,archived,2026-01-28 00:00:00+00:00,2026-02-18 00:00:00+00:00
prj_00107,acc_0018,usr_00200,active,2026-02-20 00:00:00+00:00,
prj_00108,acc_0018,usr_00211,active,2026-01-25 00:00:00+00:00,
prj_00109,acc_0018,usr_00210,completed,2026-01-25 00:00:00+00:00,2026-02-01 00:00:00+00:00
prj_00110,acc_0018,usr_00209,active,2026-02-05 00:00:00+00:00,
prj_00111,acc_0018,usr_00202,active,2026-02-13 00:00:00+00:00,
prj_00112,acc_0019,usr_00217,active,2026-02-08 00:00:00+00:00,
prj_00113,acc_0019,usr_00213,completed,2026-02-19 00:00:00+00:00,2026-02-23 00:00:00+00:00
prj_00114,acc_0019,usr_00217,active,2026-02-05 00:00:00+00:00,
prj_00115,acc_0019,usr_00218,completed,2026-01-17 00:00:00+00:00,2026-02-25 00:00:00+00:00
prj_00116,acc_0019,usr_00217,completed,2026-01-31 00:00:00+00:00,2026-02-24 00:00:00+00:00
prj_00117,acc_0019,usr_00218,active,2026-02-19 00:00:00+00:00,
prj_00118,acc_0020,usr_00226,completed,2026-01-15 00:00:00+00:00,2026-01-20 00:00:00+00:00
prj_00119,acc_0020,usr_00221,completed,2026-01-05 00:00:00+00:00,2026-01-23 00:00:00+00:00
prj_00120,acc_0020,usr_00222,active,2026-01-22 00:00:00+00:00,
prj_00121,acc_0020,usr_00225,archived,2026-01-03 00:00:00+00:00,2026-02-08 00:00:00+00:00
prj_00122,acc_0020,usr_00223,active,2026-02-07 00:00:00+00:00,
prj_00123,acc_0020,usr_00223,active,2026-01-08 00:00:00+00:00,
prj_00124,acc_0020,usr_00221,archived,2026-01-07 00:00:00+00:00,2026-01-18 00:00:00+00:00
prj_00125,acc_0020,usr_00225,completed,2026-01-14 00:00:00+00:00,2026-02-03 00:00:00+00:00
prj_00126,acc_0021,usr_00244,active,2026-02-05 00:00:00+00:00,
prj_00127,acc_0021,usr_00231,active,2026-01-22 00:00:00+00:00,
prj_00128,acc_0021,usr_00240,active,2026-01-19 00:00:00+00:00,
prj_00129,acc_0021,usr_00244,completed,2026-01-13 00:00:00+00:00,2026-01-30 00:00:00+00:00
prj_00130,acc_0021,usr_00243,archived,2025-09-07 00:00:00+00:00,2025-09-09 00:00:00+00:00
prj_00131,acc_0022,usr_00256,completed,2025-10-21 00:00:00+00:00,2025-11-08 00:00:00+00:00
prj_00132,acc_0022,usr_00261,active,2025-11-18 00:00:00+00:00,
prj_00133,acc_0022,usr_00249,active,2026-02-06 00:00:00+00:00,
prj_00134,acc_0022,usr_00246,active,2026-01-06 00:00:00+00:00,
prj_00135,acc_0022,usr_00261,active,2025-11-27 00:00:00+00:00,
prj_00136,acc_0022,usr_00259,completed,2025-09-08 00:00:00+00:00,2026-01-04 00:00:00+00:00
prj_00137,acc_0022,usr_00250,completed,2026-02-24 00:00:00+00:00,2026-02-25 00:00:00+00:00
prj_00138,acc_0023,usr_00264,completed,2026-02-14 00:00:00+00:00,2026-02-20 00:00:00+00:00
prj_00139,acc_0023,usr_00273,archived,2026-02-16 00:00:00+00:00,2026-02-25 00:00:00+00:00
prj_00140,acc_0023,usr_00278,active,2026-02-21 00:00:00+00:00,
prj_00141,acc_0023,usr_00275,active,2026-02-26 00:00:00+00:00,
prj_00142,acc_0023,usr_00268,active,2026-02-07 00:00:00+00:00,
prj_00143,acc_0024,usr_00284,completed,2025-12-22 00:00:00+00:00,2026-01-11 00:00:00+00:00
prj_00144,acc_0024,usr_00288,active,2025-11-26 00:00:00+00:00,
prj_00145,acc_0024,usr_00284,completed,2025-12-18 00:00:00+00:00,2026-02-24 00:00:00+00:00
prj_00146,acc_0024,usr_00296,completed,2026-01-10 00:00:00+00:00,2026-02-17 00:00:00+00:00
prj_00147,acc_0024,usr_00293,archived,2026-01-23 00:00:00+00:00,2026-02-02 00:00:00+00:00
prj_00148,acc_0025,usr_00308,active,2025-08-15 00:00:00+00:00,
prj_00149,acc_0025,usr_00297,completed,2026-01-04 00:00:00+00:00,2026-02-11 00:00:00+00:00
prj_00150,acc_0025,usr_00299,active,2026-02-06 00:00:00+00:00,
prj_00151,acc_0025,usr_00307,active,2025-09-29 00:00:00+00:00,
prj_00152,acc_0025,usr_00301,active,2025-09-25 00:00:00+00:00,
prj_00153,acc_0026,usr_00314,completed,2025-09-16 00:00:00+00:00,2025-11-05 00:00:00+00:00
prj_00154,acc_0026,usr_00312,active,2025-12-18 00:00:00+00:00,
prj_00155,acc_0026,usr_00316,completed,2026-02-14 00:00:00+00:00,2026-02-22 00:00:00+00:00
prj_00156,acc_0026,usr_00317,archived,2025-09-07 00:00:00+00:00,2025-11-07 00:00:00+00:00
prj_00157,acc_0026,usr_00311,completed,2026-01-10 00:00:00+00:00,2026-02-10 00:00:00+00:00
prj_00158,acc_0026,usr_00312,archived,2026-02-12 00:00:00+00:00,2026-02-18 00:00:00+00:00
prj_00159,acc_0026,usr_00312,completed,2025-10-22 00:00:00+00:00,2026-01-01 00:00:00+00:00
prj_00160,acc_0027,usr_00329,active,2026-01-07 00:00:00+00:00,
prj_00161,acc_0027,usr_00319,completed,2025-11-03 00:00:00+00:00,2025-12-20 00:00:00+00:00
prj_00162,acc_0027,usr_00325,completed,2025-12-27 00:00:00+00:00,2026-01-02 00:00:00+00:00
prj_00163,acc_0027,usr_00322,completed,2025-10-31 00:00:00+00:00,2026-01-09 00:00:00+00:00
prj_00164,acc_0027,usr_00326,active,2025-11-16 00:00:00+00:00,
prj_00165,acc_0028,usr_00339,archived,2026-01-28 00:00:00+00:00,2026-02-14 00:00:00+00:00
prj_00166,acc_0028,usr_00345,active,2026-02-08 00:00:00+00:00,
prj_00167,acc_0028,usr_00341,archived,2026-01-13 00:00:00+00:00,2026-02-12 00:00:00+00:00
prj_00168,acc_0028,usr_00340,active,2026-01-31 00:00:00+00:00,
prj_00169,acc_0029,usr_00351,active,2025-09-21 00:00:00+00:00,
prj_00170,acc_0029,usr_00353,active,2025-10-01 00:00:00+00:00,
prj_00171,acc_0029,usr_00354,active,2026-01-03 00:00:00+00:00,
prj_00172,acc_0029,usr_00347,active,2025-12-28 00:00:00+00:00,
prj_00173,acc_0029,usr_00346,active,2026-02-13 00:00:00+00:00,
prj_00174,acc_0029,usr_00346,completed,2025-09-04 00:00:00+00:00,2026-02-21 00:00:00+00:00
prj_00175,acc_0029,usr_00347,active,2026-01-11 00:00:00+00:00,
prj_00176,acc_0029,usr_00347,active,2025-08-21 00:00:00+00:00,
prj_00177,acc_0030,usr_00356,active,2025-08-20 00:00:00+00:00,
prj_00178,acc_0030,usr_00355,completed,2025-11-07 00:00:00+00:00,2025-11-28 00:00:00+00:00
prj_00179,acc_0030,usr_00360,completed,2026-01-04 00:00:00+00:00,2026-02-20 00:00:00+00:00
prj_00180,acc_0030,usr_00358,active,2025-09-11 00:00:00+00:00,
prj_00181,acc_0030,usr_00356,completed,2025-10-19 00:00:00+00:00,2026-02-06 00:00:00+00:00
prj_00182,acc_0031,usr_00364,active,2026-02-14 00:00:00+00:00,
prj_00183,acc_0031,usr_00372,completed,2026-01-19 00:00:00+00:00,2026-01-22 00:00:00+00:00
prj_00184,acc_0031,usr_00372,active,2026-01-08 00:00:00+00:00,
prj_00185,acc_0031,usr_00370,archived,2026-02-14 00:00:00+00:00,2026-02-15 00:00:00+00:00
prj_00186,acc_0032,usr_00381,active,2026-02-22 00:00:00+00:00,
prj_00187,acc_0032,usr_00387,active,2025-12-04 00:00:00+00:00,
prj_00188,acc_0032,usr_00382,active,2025-12-27 00:00:00+00:00,
prj_00189,acc_0032,usr_00382,active,2026-02-05 00:00:00+00:00,
prj_00190,acc_0032,usr_00382,active,2025-12-22 00:00:00+00:00,
prj_00191,acc_0032,usr_00382,active,2025-12-29 00:00:00+00:00,
prj_00192,acc_0032,usr_00380,completed,2026-01-20 00:00:00+00:00,2026-02-16 00:00:00+00:00
prj_00193,acc_0032,usr_00387,completed,2025-12-27 00:00:00+00:00,2026-02-17 00:00:00+00:00
prj_00194,acc_0033,usr_00397,completed,2026-02-06 00:00:00+00:00,2026-02-21 00:00:00+00:00
prj_00195,acc_0033,usr_00393,active,2026-02-09 00:00:00+00:00,
prj_00196,acc_0033,usr_00389,active,2026-02-26 00:00:00+00:00,
prj_00197,acc_0033,usr_00394,active,2026-02-11 00:00:00+00:00,
prj_00198,acc_0033,usr_00392,archived,2026-02-05 00:00:00+00:00,2026-02-18 00:00:00+00:00
prj_00199,acc_0033,usr_00397,active,2026-02-12 00:00:00+00:00,
prj_00200,acc_0033,usr_00393,active,2026-02-10 00:00:00+00:00,
prj_00201,acc_0033,usr_00392,completed,2026-02-07 00:00:00+00:00,2026-02-17 00:00:00+00:00
prj_00202,acc_0034,usr_00406,completed,2025-12-02 00:00:00+00:00,2026-02-18 00:00:00+00:00
prj_00203,acc_0034,usr_00404,active,2026-02-20 00:00:00+00:00,
prj_00204,acc_0034,usr_00406,active,2025-10-26 00:00:00+00:00,
prj_00205,acc_0034,usr_00404,active,2026-02-15 00:00:00+00:00,
prj_00206,acc_0034,usr_00400,archived,2025-12-02 00:00:00+00:00,2025-12-30 00:00:00+00:00
prj_00207,acc_0035,usr_00426,active,2026-02-13 00:00:00+00:00,
prj_00208,acc_0035,usr_00419,active,2026-02-12 00:00:00+00:00,
prj_00209,acc_0035,usr_00425,completed,2026-02-19 00:00:00+00:00,2026-02-20 00:00:00+00:00
prj_00210,acc_0035,usr_00417,active,2026-02-25 00:00:00+00:00,
prj_00211,acc_0035,usr_00418,active,2026-02-14 00:00:00+00:00,
prj_00212,acc_0036,usr_00433,active,2025-12-11 00:00:00+00:00,
prj_00213,acc_0036,usr_00435,completed,2026-02-01 00:00:00+00:00,2026-02-12 00:00:00+00:00
prj_00214,acc_0036,usr_00431,active,2025-12-19 00:00:00+00:00,
prj_00215,acc_0036,usr_00437,active,2025-11-27 00:00:00+00:00,
prj_00216,acc_0036,usr_00432,active,2025-10-14 00:00:00+00:00,
prj_00217,acc_0036,usr_00444,active,2025-09-03 00:00:00+00:00,
prj_00218,acc_0037,usr_00449,completed,2026-01-18 00:00:00+00:00,2026-01-21 00:00:00+00:00
prj_00219,acc_0037,usr_00454,active,2026-01-25 00:00:00+00:00,
prj_00220,acc_0037,usr_00446,active,2025-12-19 00:00:00+00:00,
prj_00221,acc_0037,usr_00449,archived,2026-01-13 00:00:00+00:00,2026-01-29 00:00:00+00:00
prj_00222,acc_0038,usr_00459,completed,2025-11-25 00:00:00+00:00,2026-01-18 00:00:00+00:00
prj_00223,acc_0038,usr_00461,active,2026-01-20 00:00:00+00:00,
prj_00224,acc_0038,usr_00459,active,2025-12-15 00:00:00+00:00,
prj_00225,acc_0038,usr_00462,active,2026-01-30 00:00:00+00:00,
prj_00226,acc_0038,usr_00457,active,2026-02-03 00:00:00+00:00,
prj_00227,acc_0039,usr_00472,active,2026-01-05 00:00:00+00:00,
prj_00228,acc_0039,usr_00472,active,2025-12-08 00:00:00+00:00,
prj_00229,acc_0039,usr_00466,active,2025-09-25 00:00:00+00:00,
prj_00230,acc_0039,usr_00470,active,2025-12-16 00:00:00+00:00,
prj_00231,acc_0039,usr_00465,active,2026-02-20 00:00:00+00:00,
prj_00232,acc_0039,usr_00468,completed,2026-02-03 00:00:00+00:00,2026-02-20 00:00:00+00:00
prj_00233,acc_0040,usr_00474,active,2025-11-16 00:00:00+00:00,
prj_00234,acc_0040,usr_00475,active,2025-12-26 00:00:00+00:00,
prj_00235,acc_0040,usr_00479,completed,2025-11-16 00:00:00+00:00,2025-12-28 00:00:00+00:00
prj_00236,acc_0040,usr_00477,completed,2026-02-16 00:00:00+00:00,2026-02-23 00:00:00+00:00
prj_00237,acc_0040,usr_00474,completed,2025-11-19 00:00:00+00:00,2026-02-14 00:00:00+00:00
prj_00238,acc_0041,usr_00488,completed,2026-02-20 00:00:00+00:00,2026-02-23 00:00:00+00:00
prj_00239,acc_0041,usr_00489,active,2026-02-08 00:00:00+00:00,
prj_00240,acc_0041,usr_00496,active,2026-02-01 00:00:00+00:00,
prj_00241,acc_0041,usr_00485,completed,2026-01-18 00:00:00+00:00,2026-02-21 00:00:00+00:00
prj_00242,acc_0041,usr_00483,active,2026-02-09 00:00:00+00:00,
prj_00243,acc_0042,usr_00510,completed,2025-10-03 00:00:00+00:00,2026-01-14 00:00:00+00:00
prj_00244,acc_0042,usr_00504,active,2026-01-16 00:00:00+00:00,
prj_00245,acc_0042,usr_00497,active,2026-01-14 00:00:00+00:00,
prj_00246,acc_0042,usr_00508,completed,2025-10-10 00:00:00+00:00,2025-12-08 00:00:00+00:00
prj_00247,acc_0042,usr_00501,archived,2026-01-28 00:00:00+00:00,2026-01-30 00:00:00+00:00
prj_00248,acc_0042,usr_00505,active,2025-09-03 00:00:00+00:00,
prj_00249,acc_0042,usr_00499,active,2026-02-21 00:00:00+00:00,
prj_00250,acc_0042,usr_00508,active,2026-01-26 00:00:00+00:00,
prj_00251,acc_0043,usr_00517,completed,2025-10-25 00:00:00+00:00,2026-02-20 00:00:00+00:00
prj_00252,acc_0043,usr_00516,active,2025-12-01 00:00:00+00:00,
prj_00253,acc_0043,usr_00524,completed,2025-11-02 00:00:00+00:00,2026-01-17 00:00:00+00:00
prj_00254,acc_0043,usr_00522,active,2025-11-25 00:00:00+00:00,
prj_00255,acc_0043,usr_00521,active,2025-10-19 00:00:00+00:00,
prj_00256,acc_0043,usr_00512,completed,2026-01-29 00:00:00+00:00,2026-02-24 00:00:00+00:00
prj_00257,acc_0043,usr_00522,active,2026-01-26 00:00:00+00:00,
prj_00258,acc_0044,usr_00530,active,2026-01-24 00:00:00+00:00,
prj_00259,acc_0044,usr_00525,active,2026-02-10 00:00:00+00:00,
prj_00260,acc_0044,usr_00528,active,2026-02-15 00:00:00+00:00,
prj_00261,acc_0044,usr_00535,completed,2026-02-03 00:00:00+00:00,2026-02-24 00:00:00+00:00
prj_00262,acc_0044,usr_00527,completed,2026-02-17 00:00:00+00:00,2026-02-25 00:00:00+00:00
prj_00263,acc_0045,usr_00539,active,2026-01-17 00:00:00+00:00,
prj_00264,acc_0045,usr_00540,active,2025-10-01 00:00:00+00:00,
prj_00265,acc_0045,usr_00545,completed,2025-10-25 00:00:00+00:00,2025-11-29 00:00:00+00:00
prj_00266,acc_0045,usr_00544,completed,2025-12-17 00:00:00+00:00,2026-02-02 00:00:00+00:00
prj_00267,acc_0045,usr_00543,completed,2025-10-22 00:00:00+00:00,2025-11-14 00:00:00+00:00
prj_00268,acc_0045,usr_00544,archived,2026-01-14 00:00:00+00:00,2026-02-16 00:00:00+00:00
prj_00269,acc_0045,usr_00541,active,2025-12-01 00:00:00+00:00,
prj_00270,acc_0045,usr_00538,completed,2025-11-03 00:00:00+00:00,2025-11-10 00:00:00+00:00
prj_00271,acc_0046,usr_00556,archived,2026-02-02 00:00:00+00:00,2026-02-03 00:00:00+00:00
prj_00272,acc_0046,usr_00551,active,2025-09-23 00:00:00+00:00,
prj_00273,acc_0046,usr_00554,active,2025-10-31 00:00:00+00:00,
prj_00274,acc_0046,usr_00554,completed,2025-12-14 00:00:00+00:00,2026-01-23 00:00:00+00:00
prj_00275,acc_0046,usr_00546,active,2025-10-18 00:00:00+00:00,
prj_00276,acc_0046,usr_00554,active,2026-02-22 00:00:00+00:00,
prj_00277,acc_0046,usr_00558,archived,2026-01-31 00:00:00+00:00,2026-02-19 00:00:00+00:00
prj_00278,acc_0047,usr_00577,active,2026-02-21 00:00:00+00:00,
prj_00279,acc_0047,usr_00574,active,2026-02-26 00:00:00+00:00,
prj_00280,acc_0047,usr_00569,archived,2026-02-17 00:00:00+00:00,2026-02-20 00:00:00+00:00
prj_00281,acc_0047,usr_00568,completed,2026-02-19 00:00:00+00:00,2026-02-21 00:00:00+00:00
prj_00282,acc_0047,usr_00561,active,2026-02-19 00:00:00+00:00,
prj_00283,acc_0047,usr_00561,active,2026-02-16 00:00:00+00:00,
prj_00284,acc_0048,usr_00578,active,2025-12-27 00:00:00+00:00,
prj_00285,acc_0048,usr_00581,completed,2025-12-25 00:00:00+00:00,2026-02-12 00:00:00+00:00
prj_00286,acc_0048,usr_00592,archived,2025-12-28 00:00:00+00:00,2026-02-04 00:00:00+00:00
prj_00287,acc_0048,usr_00591,archived,2026-01-27 00:00:00+00:00,2026-02-11 00:00:00+00:00
prj_00288,acc_0048,usr_00587,active,2026-02-10 00:00:00+00:00,
prj_00289,acc_0049,usr_00603,completed,2026-02-20 00:00:00+00:00,2026-02-25 00:00:00+00:00
prj_00290,acc_0049,usr_00600,active,2025-10-25 00:00:00+00:00,
prj_00291,acc_0049,usr_00600,active,2025-10-11 00:00:00+00:00,
prj_00292,acc_0049,usr_00607,archived,2025-12-20 00:00:00+00:00,2025-12-26 00:00:00+00:00
prj_00293,acc_0049,usr_00599,active,2025-12-22 00:00:00+00:00,
prj_00294,acc_0050,usr_00611,active,2025-12-20 00:00:00+00:00,
prj_00295,acc_0050,usr_00611,active,2025-12-18 00:00:00+00:00,
prj_00296,acc_0050,usr_00621,active,2026-02-11 00:00:00+00:00,
prj_00297,acc_0050,usr_00610,archived,2025-12-18 00:00:00+00:00,2026-02-01 00:00:00+00:00
prj_00298,acc_0050,usr_00618,completed,2026-01-08 00:00:00+00:00,2026-02-21 00:00:00+00:00
prj_00299,acc_0051,usr_00626,active,2025-12-10 00:00:00+00:00,
prj_00300,acc_0051,usr_00625,active,2026-01-23 00:00:00+00:00,
prj_00301,acc_0051,usr_00634,active,2025-11-22 00:00:00+00:00,
prj_00302,acc_0051,usr_00626,completed,2025-11-04 00:00:00+00:00,2025-11-18 00:00:00+00:00
prj_00303,acc_0051,usr_00628,active,2026-01-03 00:00:00+00:00,
prj_00304,acc_0051,usr_00627,completed,2025-12-23 00:00:00+00:00,2026-01-30 00:00:00+00:00
prj_00305,acc_0051,usr_00633,archived,2025-12-16 00:00:00+00:00,2026-01-18 00:00:00+00:00
prj_00306,acc_0052,usr_00646,completed,2026-01-31 00:00:00+00:00,2026-02-11 00:00:00+00:00
prj_00307,acc_0052,usr_00645,active,2026-02-20 00:00:00+00:00,
prj_00308,acc_0052,usr_00636,completed,2026-02-18 00:00:00+00:00,2026-02-19 00:00:00+00:00
prj_00309,acc_0052,usr_00641,completed,2026-01-21 00:00:00+00:00,2026-02-10 00:00:00+00:00
prj_00310,acc_0052,usr_00636,active,2026-02-08 00:00:00+00:00,
prj_00311,acc_0052,usr_00640,active,2026-01-23 00:00:00+00:00,
prj_00312,acc_0053,usr_00649,active,2025-10-09 00:00:00+00:00,
prj_00313,acc_0053,usr_00656,completed,2025-08-13 00:00:00+00:00,2025-11-03 00:00:00+00:00
prj_00314,acc_0053,usr_00648,active,2025-09-29 00:00:00+00:00,
prj_00315,acc_0053,usr_00649,archived,2025-12-24 00:00:00+00:00,2025-12-31 00:00:00+00:00
prj_00316,acc_0053,usr_00650,archived,2025-08-26 00:00:00+00:00,2026-01-16 00:00:00+00:00
prj_00317,acc_0053,usr_00650,archived,2025-08-29 00:00:00+00:00,2025-09-26 00:00:00+00:00
prj_00318,acc_0053,usr_00658,active,2026-01-25 00:00:00+00:00,
prj_00319,acc_0053,usr_00653,completed,2025-09-01 00:00:00+00:00,2025-09-05 00:00:00+00:00
prj_00320,acc_0054,usr_00664,active,2025-11-02 00:00:00+00:00,
prj_00321,acc_0054,usr_00659,active,2025-10-18 00:00:00+00:00,
prj_00322,acc_0054,usr_00662,active,2025-12-02 00:00:00+00:00,
prj_00323,acc_0054,usr_00665,active,2026-02-21 00:00:00+00:00,
prj_00324,acc_0054,usr_00662,completed,2025-12-10 00:00:00+00:00,2025-12-31 00:00:00+00:00
prj_00325,acc_0054,usr_00667,active,2025-12-13 00:00:00+00:00,
prj_00326,acc_0054,usr_00670,completed,2026-01-10 00:00:00+00:00,2026-01-18 00:00:00+00:00
prj_00327,acc_0054,usr_00663,active,2025-10-18 00:00:00+00:00,
prj_00328,acc_0055,usr_00674,active,2025-12-07 00:00:00+00:00,
prj_00329,acc_0055,usr_00681,archived,2025-11-03 00:00:00+00:00,2026-01-23 00:00:00+00:00
prj_00330,acc_0055,usr_00676,active,2026-02-15 00:00:00+00:00,
prj_00331,acc_0055,usr_00686,active,2025-10-22 00:00:00+00:00,
prj_00332,acc_0055,usr_00683,active,2026-02-04 00:00:00+00:00,
prj_00333,acc_0056,usr_00697,active,2026-02-18 00:00:00+00:00,
prj_00334,acc_0056,usr_00696,active,2025-11-09 00:00:00+00:00,
prj_00335,acc_0056,usr_00697,archived,2025-11-16 00:00:00+00:00,2026-02-18 00:00:00+00:00
prj_00336,acc_0056,usr_00703,active,2026-01-23 00:00:00+00:00,
prj_00337,acc_0056,usr_00700,active,2025-09-15 00:00:00+00:00,
prj_00338,acc_0056,usr_00687,archived,2025-12-06 00:00:00+00:00,2026-02-21 00:00:00+00:00
prj_00339,acc_0057,usr_00715,active,2026-02-04 00:00:00+00:00,
prj_00340,acc_0057,usr_00709,completed,2026-02-22 00:00:00+00:00,2026-02-25 00:00:00+00:00
prj_00341,acc_0057,usr_00713,active,2026-02-26 00:00:00+00:00,
prj_00342,acc_0057,usr_00705,completed,2026-02-07 00:00:00+00:00,2026-02-14 00:00:00+00:00
prj_00343,acc_0058,usr_00724,active,2025-10-13 00:00:00+00:00,
prj_00344,acc_0058,usr_00722,completed,2025-10-27 00:00:00+00:00,2025-11-21 00:00:00+00:00
prj_00345,acc_0058,usr_00726,completed,2026-01-11 00:00:00+00:00,2026-02-16 00:00:00+00:00
prj_00346,acc_0058,usr_00718,active,2026-02-08 00:00:00+00:00,
prj_00347,acc_0059,usr_00736,active,2025-11-27 00:00:00+00:00,
prj_00348,acc_0059,usr_00730,active,2026-01-16 00:00:00+00:00,
prj_00349,acc_0059,usr_00741,completed,2025-12-05 00:00:00+00:00,2026-01-17 00:00:00+00:00
prj_00350,acc_0059,usr_00728,active,2025-10-16 00:00:00+00:00,
prj_00351,acc_0059,usr_00741,active,2025-10-18 00:00:00+00:00,
prj_00352,acc_0059,usr_00735,archived,2025-11-18 00:00:00+00:00,2026-02-16 00:00:00+00:00
prj_00353,acc_0060,usr_00749,active,2025-12-22 00:00:00+00:00,
prj_00354,acc_0060,usr_00748,active,2026-01-22 00:00:00+00:00,
prj_00355,acc_0060,usr_00752,active,2026-02-17 00:00:00+00:00,
prj_00356,acc_0060,usr_00751,active,2025-12-21 00:00:00+00:00,
prj_00357,acc_0060,usr_00745,active,2026-01-22 00:00:00+00:00,
prj_00358,acc_0060,usr_00755,active,2026-01-06 00:00:00+00:00,
prj_00359,acc_0061,usr_00761,active,2025-10-17 00:00:00+00:00,
prj_00360,acc_0061,usr_00761,completed,2025-10-21 00:00:00+00:00,2026-01-30 00:00:00+00:00
prj_00361,acc_0061,usr_00765,completed,2025-10-17 00:00:00+00:00,2025-11-10 00:00:00+00:00
prj_00362,acc_0061,usr_00766,active,2025-12-04 00:00:00+00:00,
prj_00363,acc_0062,usr_00780,active,2025-11-17 00:00:00+00:00,
prj_00364,acc_0062,usr_00779,active,2026-01-27 00:00:00+00:00,
prj_00365,acc_0062,usr_00782,archived,2026-01-03 00:00:00+00:00,2026-01-16 00:00:00+00:00
prj_00366,acc_0062,usr_00780,active,2025-12-05 00:00:00+00:00,
prj_00367,acc_0062,usr_00782,active,2025-11-16 00:00:00+00:00,
prj_00368,acc_0062,usr_00780,archived,2025-11-01 00:00:00+00:00,2025-11-19 00:00:00+00:00
prj_00369,acc_0062,usr_00782,archived,2026-02-10 00:00:00+00:00,2026-02-12 00:00:00+00:00
prj_00370,acc_0063,usr_00790,active,2025-12-22 00:00:00+00:00,
prj_00371,acc_0063,usr_00787,active,2025-11-10 00:00:00+00:00,
prj_00372,acc_0063,usr_00788,active,2025-12-09 00:00:00+00:00,
prj_00373,acc_0063,usr_00785,completed,2026-02-02 00:00:00+00:00,2026-02-18 00:00:00+00:00
prj_00374,acc_0063,usr_00790,completed,2025-11-11 00:00:00+00:00,2026-01-09 00:00:00+00:00
prj_00375,acc_0064,usr_00800,completed,2026-01-21 00:00:00+00:00,2026-02-11 00:00:00+00:00
prj_00376,acc_0064,usr_00804,active,2026-01-24 00:00:00+00:00,
prj_00377,acc_0064,usr_00795,active,2026-02-23 00:00:00+00:00,
prj_00378,acc_0064,usr_00806,archived,2026-02-10 00:00:00+00:00,2026-02-19 00:00:00+00:00
prj_00379,acc_0065,usr_00810,active,2026-02-25 00:00:00+00:00,
prj_00380,acc_0065,usr_00811,completed,2026-01-21 00:00:00+00:00,2026-02-07 00:00:00+00:00
prj_00381,acc_0065,usr_00823,completed,2026-01-27 00:00:00+00:00,2026-02-20 00:00:00+00:00
prj_00382,acc_0065,usr_00815,completed,2026-01-28 00:00:00+00:00,2026-02-05 00:00:00+00:00
prj_00383,acc_0066,usr_00827,active,2026-01-31 00:00:00+00:00,
prj_00384,acc_0066,usr_00824,active,2025-11-17 00:00:00+00:00,
prj_00385,acc_0066,usr_00832,completed,2025-10-14 00:00:00+00:00,2026-02-20 00:00:00+00:00
prj_00386,acc_0066,usr_00827,active,2025-10-26 00:00:00+00:00,
prj_00387,acc_0067,usr_00838,active,2025-12-31 00:00:00+00:00,
prj_00388,acc_0067,usr_00841,archived,2026-01-25 00:00:00+00:00,2026-02-18 00:00:00+00:00
prj_00389,acc_0067,usr_00839,active,2026-02-21 00:00:00+00:00,
prj_00390,acc_0067,usr_00852,active,2026-01-08 00:00:00+00:00,
prj_00391,acc_0068,usr_00858,completed,2026-02-26 00:00:00+00:00,2026-02-26 00:00:00+00:00
prj_00392,acc_0068,usr_00868,active,2025-11-29 00:00:00+00:00,
prj_00393,acc_0068,usr_00858,completed,2026-02-15 00:00:00+00:00,2026-02-20 00:00:00+00:00
prj_00394,acc_0068,usr_00866,active,2026-02-09 00:00:00+00:00,
prj_00395,acc_0069,usr_00883,active,2026-02-19 00:00:00+00:00,
prj_00396,acc_0069,usr_00879,completed,2025-11-18 00:00:00+00:00,2026-01-06 00:00:00+00:00
prj_00397,acc_0069,usr_00872,completed,2026-02-05 00:00:00+00:00,2026-02-08 00:00:00+00:00
prj_00398,acc_0069,usr_00875,completed,2026-02-21 00:00:00+00:00,2026-02-25 00:00:00+00:00
prj_00399,acc_0069,usr_00878,completed,2025-11-05 00:00:00+00:00,2025-12-22 00:00:00+00:00
prj_00400,acc_0070,usr_00896,completed,2025-11-30 00:00:00+00:00,2026-01-22 00:00:00+00:00
prj_00401,acc_0070,usr_00892,archived,2025-12-15 00:00:00+00:00,2025-12-16 00:00:00+00:00
prj_00402,acc_0070,usr_00891,completed,2025-12-08 00:00:00+00:00,2026-02-25 00:00:00+00:00
prj_00403,acc_0070,usr_00898,active,2026-01-31 00:00:00+00:00,
prj_00404,acc_0070,usr_00895,archived,2026-02-14 00:00:00+00:00,2026-02-19 00:00:00+00:00
prj_00405,acc_0070,usr_00890,active,2026-01-18 00:00:00+00:00,
prj_00406,acc_0070,usr_00901,active,2026-02-25 00:00:00+00:00,
prj_00407,acc_0071,usr_00918,active,2025-10-04 00:00:00+00:00,
prj_00408,acc_0071,usr_00917,active,2026-01-24 00:00:00+00:00,
prj_00409,acc_0071,usr_00915,active,2025-11-16 00:00:00+00:00,
prj_00410,acc_0071,usr_00919,completed,2025-12-27 00:00:00+00:00,2026-02-23 00:00:00+00:00
prj_00411,acc_0071,usr_00916,active,2025-10-05 00:00:00+00:00,
prj_00412,acc_0071,usr_00919,active,2026-02-21 00:00:00+00:00,
prj_00413,acc_0071,usr_00918,active,2025-11-27 00:00:00+00:00,
prj_00414,acc_0072,usr_00921,active,2025-12-28 00:00:00+00:00,
prj_00415,acc_0072,usr_00926,active,2025-12-22 00:00:00+00:00,
prj_00416,acc_0072,usr_00928,active,2026-02-20 00:00:00+00:00,
prj_00417,acc_0072,usr_00925,active,2026-01-01 00:00:00+00:00,
prj_00418,acc_0072,usr_00924,active,2025-12-03 00:00:00+00:00,
prj_00419,acc_0072,usr_00927,active,2025-11-29 00:00:00+00:00,
prj_00420,acc_0072,usr_00925,active,2026-01-02 00:00:00+00:00,
prj_00421,acc_0073,usr_00935,archived,2026-02-14 00:00:00+00:00,2026-02-15 00:00:00+00:00
prj_00422,acc_0073,usr_00939,completed,2026-02-21 00:00:00+00:00,2026-02-25 00:00:00+00:00
prj_00423,acc_0073,usr_00931,completed,2026-01-20 00:00:00+00:00,2026-02-06 00:00:00+00:00
prj_00424,acc_0073,usr_00930,active,2026-01-18 00:00:00+00:00,
prj_00425,acc_0073,usr_00936,completed,2026-02-02 00:00:00+00:00,2026-02-18 00:00:00+00:00
prj_00426,acc_0073,usr_00941,active,2026-01-23 00:00:00+00:00,
prj_00427,acc_0074,usr_00947,active,2026-01-02 00:00:00+00:00,
prj_00428,acc_0074,usr_00950,active,2026-01-12 00:00:00+00:00,
prj_00429,acc_0074,usr_00951,completed,2025-12-25 00:00:00+00:00,2026-01-11 00:00:00+00:00
prj_00430,acc_0074,usr_00949,active,2026-01-19 00:00:00+00:00,
prj_00431,acc_0074,usr_00956,active,2026-02-12 00:00:00+00:00,
prj_00432,acc_0074,usr_00952,active,2026-01-09 00:00:00+00:00,
prj_00433,acc_0074,usr_00954,active,2026-01-31 00:00:00+00:00,
prj_00434,acc_0074,usr_00951,active,2026-02-06 00:00:00+00:00,
prj_00435,acc_0075,usr_00961,active,2026-02-19 00:00:00+00:00,
prj_00436,acc_0075,usr_00969,active,2026-02-22 00:00:00+00:00,
prj_00437,acc_0075,usr_00962,active,2026-01-21 00:00:00+00:00,
prj_00438,acc_0075,usr_00961,active,2026-01-12 00:00:00+00:00,
prj_00439,acc_0075,usr_00968,active,2026-01-26 00:00:00+00:00,
prj_00440,acc_0076,usr_00972,completed,2026-01-22 00:00:00+00:00,2026-02-11 00:00:00+00:00
prj_00441,acc_0076,usr_00983,active,2025-11-25 00:00:00+00:00,
prj_00442,acc_0076,usr_00984,active,2026-01-15 00:00:00+00:00,
prj_00443,acc_0076,usr_00978,completed,2025-12-11 00:00:00+00:00,2026-01-14 00:00:00+00:00
prj_00444,acc_0077,usr_00989,completed,2025-11-26 00:00:00+00:00,2025-12-14 00:00:00+00:00
prj_00445,acc_0077,usr_01002,active,2026-02-19 00:00:00+00:00,
prj_00446,acc_0077,usr_00994,active,2026-01-25 00:00:00+00:00,
prj_00447,acc_0077,usr_00993,active,2025-11-29 00:00:00+00:00,
prj_00448,acc_0077,usr_01001,active,2025-12-12 00:00:00+00:00,
prj_00449,acc_0077,usr_00990,completed,2026-02-26 00:00:00+00:00,2026-02-26 00:00:00+00:00
prj_00450,acc_0077,usr_00987,active,2025-12-11 00:00:00+00:00,
prj_00451,acc_0078,usr_01010,active,2026-02-19 00:00:00+00:00,
prj_00452,acc_0078,usr_01008,completed,2026-02-24 00:00:00+00:00,2026-02-25 00:00:00+00:00
prj_00453,acc_0078,usr_01011,archived,2025-12-09 00:00:00+00:00,2025-12-15 00:00:00+00:00
prj_00454,acc_0078,usr_01011,active,2026-02-12 00:00:00+00:00,
prj_00455,acc_0078,usr_01007,completed,2026-01-05 00:00:00+00:00,2026-02-17 00:00:00+00:00
prj_00456,acc_0079,usr_01025,active,2026-02-26 00:00:00+00:00,
prj_00457,acc_0079,usr_01023,active,2026-02-12 00:00:00+00:00,
prj_00458,acc_0079,usr_01023,active,2026-01-21 00:00:00+00:00,
prj_00459,acc_0079,usr_01026,completed,2026-01-28 00:00:00+00:00,2026-02-16 00:00:00+00:00
prj_00460,acc_0079,usr_01012,completed,2026-02-04 00:00:00+00:00,2026-02-21 00:00:00+00:00
prj_00461,acc_0079,usr_01013,active,2026-01-29 00:00:00+00:00,
prj_00462,acc_0080,usr_01027,active,2026-01-08 00:00:00+00:00,
prj_00463,acc_0080,usr_01031,active,2026-01-11 00:00:00+00:00,
prj_00464,acc_0080,usr_01030,active,2026-01-09 00:00:00+00:00,
prj_00465,acc_0080,usr_01036,active,2025-12-30 00:00:00+00:00,
prj_00466,acc_0080,usr_01028,active,2026-01-12 00:00:00+00:00,
prj_00467,acc_0080,usr_01035,active,2026-02-14 00:00:00+00:00,
